Metric,Mean,Std,Min,Max,Median
LLM Judge - Correctness Score,4.88265306122449,2.6671671706828164,1.0,10.0,5.0
LLM Judge - Completeness Score,3.8979591836734695,2.1570472822647777,0.0,8.0,4.0
LLM Judge - Overall Score,4.285714285714286,2.4948927423675684,0.0,9.0,4.0
Similarity - Max Similarity,0.4547330720673258,0.22528927635618085,-0.0980449691414833,0.8262959122657776,0.49456553161144257
,0.4547330720673258,0.22528927635618085,-0.0980449691414833,0.8262959122657776,0.49456553161144257
Entailment Ratio,0.20231510817040765,0.29730457595340837,7.024517981335521e-05,0.9973606467247009,0.04342394135892391
Generation Time (s),29.638086231479594,11.688709785907834,13.59831071,151.6101162,26.8873812
