{
  "rows_processed": 400,
  "timestamp": "2026-01-13T18:21:06.042956",
  "metrics": {
    "rouge1": {
      "mean": 0.1572204128864182,
      "std": 0.07503317659694107,
      "max": 0.3662551440329218,
      "min": 0.00997506234413965
    },
    "rouge2": {
      "mean": 0.025985426184110524,
      "std": 0.02009087970299767,
      "max": 0.11848341232227488,
      "min": 0.0
    },
    "rougeL": {
      "mean": 0.08989603726768575,
      "std": 0.033042698097454255,
      "max": 0.1851851851851852,
      "min": 0.00997506234413965
    },
    "perplexity": {
      "mean": 15.554140634536743,
      "std": 2.1709649085343594,
      "max": 22.285078048706055,
      "min": 5.849010467529297
    },
    "sim_max": {
      "mean": 0.48641675448976457,
      "std": 0.13872194756541692,
      "max": 0.8162411451339722,
      "min": 0.03192305192351341
    },
    "sim_mean": {
      "mean": 0.48641675448976457,
      "std": 0.13872194756541692,
      "max": 0.8162411451339722,
      "min": 0.03192305192351341
    },
    "entailment_ratio": {
      "mean": 0.5337300201505423,
      "std": 0.4001248566544566,
      "max": 0.9971652626991272,
      "min": 0.0
    },
    "llm_correctness": {
      "mean": 7.5275,
      "std": 1.8089844698145077,
      "max": 9.0,
      "min": 0.0
    },
    "llm_completeness": {
      "mean": 6.7075,
      "std": 1.7304420893405834,
      "max": 9.0,
      "min": 0.0
    },
    "llm_overall": {
      "mean": 6.84125,
      "std": 1.6777845033254413,
      "max": 8.5,
      "min": 0.0
    }
  }
}