{
  "rows_processed": 400,
  "timestamp": "2026-01-15T12:39:37.318951",
  "metrics": {
    "rouge1": {
      "mean": 0.16288176771786234,
      "std": 0.07670755492254558,
      "max": 0.35897435897435903,
      "min": 0.004514672686230248
    },
    "rouge2": {
      "mean": 0.025538127501714688,
      "std": 0.01922265284789224,
      "max": 0.11352253756260434,
      "min": 0.0
    },
    "rougeL": {
      "mean": 0.09062682992955155,
      "std": 0.03161636912006005,
      "max": 0.17374517374517373,
      "min": 0.004514672686230248
    },
    "perplexity": {
      "mean": 12.194093215465546,
      "std": 4.3815086697849335,
      "max": 61.4212532043457,
      "min": 7.446657657623291
    },
    "sim_max": {
      "mean": 0.4891907953284681,
      "std": 0.15360640559855981,
      "max": 0.8122028112411499,
      "min": -0.07639379799365997
    },
    "sim_mean": {
      "mean": 0.4891907953284681,
      "std": 0.15360640559855981,
      "max": 0.8122028112411499,
      "min": -0.07639379799365997
    },
    "entailment_ratio": {
      "mean": 0.4759148684889078,
      "std": 0.4084749776301208,
      "max": 0.9967753291130066,
      "min": 0.0
    },
    "llm_correctness": {
      "mean": 7.1175,
      "std": 2.1761278872009417,
      "max": 9.0,
      "min": 0.0
    },
    "llm_completeness": {
      "mean": 6.1275,
      "std": 2.0015642379139975,
      "max": 9.0,
      "min": 0.0
    },
    "llm_overall": {
      "mean": 6.3875,
      "std": 1.9275326730081086,
      "max": 8.5,
      "min": 0.0
    }
  }
}