{
  "rows_processed": 399,
  "timestamp": "2026-01-21T16:13:48.039502",
  "metrics": {
    "rouge1": {
      "mean": 0.17530695856380055,
      "std": 0.09491895444360299,
      "max": 0.4262295081967213,
      "min": 0.0
    },
    "rouge2": {
      "mean": 0.022996006159346934,
      "std": 0.03204252452444696,
      "max": 0.2424242424242424,
      "min": 0.0
    },
    "rougeL": {
      "mean": 0.1071782959191389,
      "std": 0.05437151602548707,
      "max": 0.34285714285714286,
      "min": 0.0
    },
    "perplexity": {
      "mean": 143.04852004360606,
      "std": 1592.9265324518733,
      "max": 30762.541015625,
      "min": 1.6178280115127563
    },
    "sim_max": {
      "mean": 0.46949384662376387,
      "std": 0.21052579961812776,
      "max": 0.8891255855560303,
      "min": -0.08199433982372284
    },
    "sim_mean": {
      "mean": 0.46949384662376387,
      "std": 0.21052579961812776,
      "max": 0.8891255855560303,
      "min": -0.08199433982372284
    },
    "entailment_ratio": {
      "mean": 0.10492976708220958,
      "std": 0.2695497581279377,
      "max": 0.9901493787765503,
      "min": 0.0
    },
    "llm_correctness": {
      "mean": 7.152882205513785,
      "std": 2.0260081462577246,
      "max": 9.0,
      "min": 0.0
    },
    "llm_completeness": {
      "mean": 6.130325814536341,
      "std": 1.8233707931622303,
      "max": 9.0,
      "min": 0.0
    },
    "llm_overall": {
      "mean": 6.487468671679198,
      "std": 1.5347215413368007,
      "max": 9.0,
      "min": 0.0
    }
  }
}