{
  "rows_processed": 395,
  "timestamp": "2026-01-21T14:09:56.655335",
  "metrics": {
    "rouge1": {
      "mean": 0.23085884415872393,
      "std": 0.08919411562320416,
      "max": 0.42857142857142855,
      "min": 0.0
    },
    "rouge2": {
      "mean": 0.03385767516797503,
      "std": 0.028687620254632226,
      "max": 0.16149068322981364,
      "min": 0.0
    },
    "rougeL": {
      "mean": 0.12526599132504185,
      "std": 0.04266170111637004,
      "max": 0.3272727272727273,
      "min": 0.0
    },
    "perplexity": {
      "mean": 16.471249617900945,
      "std": 8.228958807615374,
      "max": 73.97655487060547,
      "min": 6.3851423263549805
    },
    "sim_max": {
      "mean": 0.5533761866131349,
      "std": 0.16201115697369953,
      "max": 0.851382851600647,
      "min": 0.007293681614100933
    },
    "sim_mean": {
      "mean": 0.5533761866131349,
      "std": 0.16201115697369953,
      "max": 0.851382851600647,
      "min": 0.007293681614100933
    },
    "entailment_ratio": {
      "mean": 0.3298281391210194,
      "std": 0.4071054829721654,
      "max": 0.9984544515609741,
      "min": 0.0
    },
    "llm_correctness": {
      "mean": 7.577215189873418,
      "std": 1.6998021209923535,
      "max": 9.0,
      "min": 0.0
    },
    "llm_completeness": {
      "mean": 6.80506329113924,
      "std": 1.756777935385738,
      "max": 9.0,
      "min": 0.0
    },
    "llm_overall": {
      "mean": 6.89367088607595,
      "std": 1.560159253565242,
      "max": 8.5,
      "min": 0.0
    }
  }
}