{
  "rows_processed": 400,
  "timestamp": "2026-01-15T12:22:13.469337",
  "metrics": {
    "rouge1": {
      "mean": 0.18376314852873946,
      "std": 0.08452775418564024,
      "max": 0.40540540540540543,
      "min": 0.013574660633484162
    },
    "rouge2": {
      "mean": 0.025932543962576618,
      "std": 0.018972031046884184,
      "max": 0.12217194570135748,
      "min": 0.0
    },
    "rougeL": {
      "mean": 0.09644537930951469,
      "std": 0.03246709445735115,
      "max": 0.1752577319587629,
      "min": 0.009049773755656108
    },
    "perplexity": {
      "mean": 14.068856859207154,
      "std": 2.6352381564069005,
      "max": 24.09649658203125,
      "min": 8.46541976928711
    },
    "sim_max": {
      "mean": 0.49803397787734865,
      "std": 0.14298389331589262,
      "max": 0.8008042573928833,
      "min": 0.039414070546627045
    },
    "sim_mean": {
      "mean": 0.49803397787734865,
      "std": 0.14298389331589262,
      "max": 0.8008042573928833,
      "min": 0.039414070546627045
    },
    "entailment_ratio": {
      "mean": 0.4569090795516968,
      "std": 0.41510476570265675,
      "max": 0.9979100823402405,
      "min": 0.0
    },
    "llm_correctness": {
      "mean": 7.1125,
      "std": 2.2421891714799074,
      "max": 9.0,
      "min": 0.0
    },
    "llm_completeness": {
      "mean": 6.2175,
      "std": 1.9671981143374024,
      "max": 9.0,
      "min": 0.0
    },
    "llm_overall": {
      "mean": 6.50375,
      "std": 1.8538345919298163,
      "max": 8.5,
      "min": 0.0
    }
  }
}