{
  "perplexity": {
    "mean": 105.82681166965043,
    "median": 21.338088989257812,
    "std": 553.109522099138
  },
  "rouge1": {
    "mean": 0.15595866604643166,
    "median": 0.16,
    "std": 0.10400185493856992
  },
  "rouge2": {
    "mean": 0.017418208073150362,
    "median": 0.008264462809917354,
    "std": 0.02425440986056877
  },
  "rougeL": {
    "mean": 0.09474090842585033,
    "median": 0.10067114093959732,
    "std": 0.05910020462926957
  },
  "rows_scored": 399,
  "perplexity_model": "gpt2"
}